{
  "manifest": {
    "publishingInformation": {
      "locales": {
        "fr-FR": {
          "preview": {
            "assets": {
              "mobileRectangle": {
                "images": [
                  {
                    "source": {
                      "location": "https://s3.amazonaws.com/CAPS-SSE/echo_developer/b7e5/40e0f8d2d1b74927862ddb9c8a442cc3/APP_PREVIEW_IMAGE?versionId\u003ds4KrjFTmdWrteCHI1jP3567g4edPdtdZ\u0026X-Amz-Algorithm\u003dAWS4-HMAC-SHA256\u0026X-Amz-Date\u003d20250814T222017Z\u0026X-Amz-SignedHeaders\u003dhost\u0026X-Amz-Expires\u003d7200\u0026X-Amz-Credential\u003dAKIAWBV6LQ4QKM33AHN6%2F20250814%2Fus-east-1%2Fs3%2Faws4_request\u0026X-Amz-Signature\u003d6bf5d3194122d94f697186648ef7d7c36fc29937261dfb04ee1ed83463f33d14",
                      "type": "URI"
                    }
                  }
                ]
              }
            }
          },
          "summary": "Un Major d\u0027homme virtuel pour tout renseignement sur votre habitation et ses alentours.",
          "examplePhrases": [
            "Alexa, invoque alfred"
          ],
          "keywords": [
            "\"major",
            "d\u0027homme\"",
            "question/answer",
            "renseignement",
            "appartement",
            "maison",
            "mode",
            "d\u0027emplois",
            "airbnb",
            "vacance",
            "aide",
            "invités",
            "hote"
          ],
          "name": "Alfred",
          "description": "Alfred, votre majord\u0027homme virtuel personnel, conçu pour répondre aux questions de vos invités avec précision et courtoisie. Grâce à cette skill Alexa, vous pouvez offrir une expérience d\u0027accueil exceptionnelle à vos hôtes, en leur fournissant toutes les informations nécessaires sur votre habitation.\n\n**Fonctionnalités :**\n\n1. **Renseignements Personnalisés :** L\u0027hôte de la maison doit faire un compte et renseigner toutes les informations concernant son habitation sur le site  www.virtualfred.com. Alfred utilise ces données pour répondre aux questions des invités de manière précise et pertinente.\n\n2. **Réponses Intelligentes :** Grâce à l\u0027intelligence artificielle, Alfred est capable de comprendre et de répondre à une large gamme de questions, allant des commodités de la maison aux recommandations locales.\n\n3. **Assistance 24/7 :** Alfred est disponible à tout moment pour aider vos invités, qu\u0027ils aient besoin de savoir comment utiliser un appareil, où trouver des articles de toilette, ou quelles sont les meilleures attractions locales.\n\n4. **Mise à Jour Facile :** Les informations peuvent être mises à jour à tout moment via le site www.virtualfred.com, assurant ainsi que vos invités reçoivent toujours les informations les plus récentes et les plus précises.\n\n**Comment ça marche :**\n\n1. **Configuration Initiale :** L\u0027hôte de la maison se rend sur www.virtualfred.com et renseigne toutes les informations pertinentes sur l\u0027habitation.\n\n2. **Activation de la Skill :** L\u0027hote  active la skill Alexa \"Alfred\" et lie son compte.\n\n3. **Interaction avec Alfred :** Les invités peuvent poser des questions à Alfred en utilisant des commandes vocales simples, telles que \"Alexa, demande à Alfred où se trouve la machine à café\" ou \"Alexa, demande à Alfred quelles sont les meilleures attractions locales.\"\n\n**Exemples de Questions :**\n\n- \"Quel est le code du Wi-Fi.\"\n- \"Comment utiliser la machine à laver.\"\n- \"Quelles sont les meilleures restaurants à proximité.\"\n\nAvec Alfred, vos invités se sentiront toujours bien accueillis et bien informés, transformant leur séjour en une expérience mémorable et sans stress. Essayez Alfred dès aujourd\u0027hui et offrez à vos invités un service de majord\u0027homme virtuel de premier ordre !",
          "smallIconUri": "file://assets/images/fr-FR_smallIconUri.png",
          "largeIconUri": "file://assets/images/fr-FR_largeIconUri.png"
        }
      },
      "automaticDistribution": {
        "sourceLocaleForLanguages": [
          {
            "sourceLocale": "fr-FR",
            "language": "fr"
          }
        ],
        "isActive": true
      },
      "isAvailableWorldwide": true,
      "testingInstructions": "{\"ask_dist_username\":\"\",\"ask_dist_password\":\"\",\"ask_dist_testing_instructions\":\"Sample Testing Instructions.\"}",
      "category": "HOME_SERVICES",
      "distributionMode": "PUBLIC",
      "distributionCountries": []
    },
    "apis": {
      "custom": {
        "endpoint": {
          "uri": "arn:aws:lambda:us-east-1:654654558864:function:13d1123b-f473-4a17-96d4-8fb0c33e3a5f:Release_0"
        },
        "interfaces": [
          {
            "supportedViewports": [
              {
                "minHeight": 540,
                "mode": "TV",
                "shape": "RECTANGLE",
                "maxHeight": 540,
                "minWidth": 960,
                "maxWidth": 960
              },
              {
                "minHeight": 100,
                "mode": "HUB",
                "shape": "ROUND",
                "maxHeight": 599,
                "minWidth": 100,
                "maxWidth": 599
              },
              {
                "minHeight": 600,
                "mode": "HUB",
                "shape": "RECTANGLE",
                "maxHeight": 959,
                "minWidth": 960,
                "maxWidth": 1279
              },
              {
                "minHeight": 600,
                "mode": "HUB",
                "shape": "RECTANGLE",
                "maxHeight": 1279,
                "minWidth": 1280,
                "maxWidth": 1920
              },
              {
                "minHeight": 100,
                "mode": "HUB",
                "shape": "RECTANGLE",
                "maxHeight": 599,
                "minWidth": 960,
                "maxWidth": 1279
              },
              {
                "minHeight": 960,
                "mode": "HUB",
                "shape": "RECTANGLE",
                "maxHeight": 1279,
                "minWidth": 1920,
                "maxWidth": 2560
              },
              {
                "minHeight": 1920,
                "mode": "HUB",
                "shape": "RECTANGLE",
                "maxHeight": 2560,
                "minWidth": 960,
                "maxWidth": 1279
              },
              {
                "minHeight": 320,
                "mode": "MOBILE",
                "shape": "RECTANGLE",
                "maxHeight": 1920,
                "minWidth": 600,
                "maxWidth": 959
              },
              {
                "minHeight": 320,
                "mode": "MOBILE",
                "shape": "RECTANGLE",
                "maxHeight": 1920,
                "minWidth": 960,
                "maxWidth": 1279
              },
              {
                "minHeight": 320,
                "mode": "MOBILE",
                "shape": "RECTANGLE",
                "maxHeight": 1920,
                "minWidth": 1280,
                "maxWidth": 1920
              }
            ],
            "type": "ALEXA_PRESENTATION_APL"
          }
        ],
        "locales": {},
        "regions": {
          "EU": {
            "endpoint": {
              "uri": "arn:aws:lambda:eu-west-1:654654558864:function:13d1123b-f473-4a17-96d4-8fb0c33e3a5f:Release_0"
            }
          },
          "NA": {
            "endpoint": {
              "uri": "arn:aws:lambda:us-east-1:654654558864:function:13d1123b-f473-4a17-96d4-8fb0c33e3a5f:Release_0"
            }
          },
          "FE": {
            "endpoint": {
              "uri": "arn:aws:lambda:us-west-2:654654558864:function:13d1123b-f473-4a17-96d4-8fb0c33e3a5f:Release_0"
            }
          }
        }
      }
    },
    "manifestVersion": "1.0",
    "privacyAndCompliance": {
      "allowsPurchases": false,
      "locales": {
        "fr-FR": {
          "termsOfUseUrl": "https://virtualfred.com/terms_of_use",
          "privacyPolicyUrl": "https://virtualfred.com/policies"
        }
      },
      "containsAds": false,
      "isExportCompliant": true,
      "isChildDirected": false,
      "shoppingKit": {
        "isShoppingActionsEnabled": false,
        "isAmazonAssociatesOnAlexaEnabled": false
      },
      "usesPersonalInfo": true
    }
  }
}